Date,Close
2021-06-07T04:00:00Z,596.340000
2021-06-07T04:01:00Z,597.000000
2021-06-07T04:02:00Z,596.890000
2021-06-07T04:03:00Z,595.870000
2021-06-07T04:04:00Z,595.270000
2021-06-07T04:05:00Z,595.010000
2021-06-07T04:06:00Z,595.200000
2021-06-07T04:07:00Z,595.090000
2021-06-07T04:08:00Z,595.090000
2021-06-07T04:09:00Z,595.000000
2021-06-07T04:10:00Z,595.300000
2021-06-07T04:11:00Z,595.450000
2021-06-07T04:12:00Z,595.500000
2021-06-07T04:13:00Z,596.130000
2021-06-07T04:14:00Z,597.280000
2021-06-07T04:15:00Z,596.950000
2021-06-07T04:16:00Z,596.870000
2021-06-07T04:17:00Z,596.850000
2021-06-07T04:18:00Z,596.000000
2021-06-07T04:19:00Z,596.700000
2021-06-07T04:20:00Z,596.600000
2021-06-07T04:21:00Z,596.010000
2021-06-07T04:22:00Z,596.000000
2021-06-07T04:23:00Z,596.000000
2021-06-07T04:24:00Z,595.510000
2021-06-07T04:25:00Z,595.500000
2021-06-07T04:26:00Z,596.300000
2021-06-07T04:27:00Z,596.490000
2021-06-07T04:28:00Z,596.490000
2021-06-07T04:29:00Z,595.520000
2021-06-07T04:30:00Z,596.150000
2021-06-07T04:31:00Z,595.010000
2021-06-07T04:32:00Z,596.080000
2021-06-07T04:33:00Z,596.050000
2021-06-07T04:34:00Z,596.090000
2021-06-07T04:36:00Z,596.070000
2021-06-07T04:37:00Z,596.080000
2021-06-07T04:38:00Z,596.080000
2021-06-07T04:39:00Z,596.000000
2021-06-07T04:40:00Z,595.300000
2021-06-07T04:41:00Z,595.280000
2021-06-07T04:42:00Z,595.210000
2021-06-07T04:43:00Z,595.120000
2021-06-07T04:44:00Z,595.010000
2021-06-07T04:45:00Z,595.760000
2021-06-07T04:47:00Z,595.910000
2021-06-07T04:48:00Z,595.900000
2021-06-07T04:49:00Z,595.140000
2021-06-07T04:50:00Z,595.850000
2021-06-07T04:51:00Z,595.850000
2021-06-07T04:53:00Z,595.850000
2021-06-07T04:54:00Z,595.960000
2021-06-07T04:55:00Z,595.970000
2021-06-07T04:56:00Z,595.980000
2021-06-07T04:59:00Z,596.000000
2021-06-07T05:00:00Z,596.000000
2021-06-07T05:01:00Z,595.120000
2021-06-07T05:02:00Z,595.140000
2021-06-07T05:03:00Z,596.400000
2021-06-07T05:04:00Z,596.000000
2021-06-07T05:05:00Z,596.000000
2021-06-07T05:09:00Z,595.150000
2021-06-07T05:10:00Z,595.160000
2021-06-07T05:12:00Z,596.000000
2021-06-07T05:13:00Z,596.460000
2021-06-07T05:14:00Z,596.470000
2021-06-07T05:15:00Z,596.010000
2021-06-07T05:18:00Z,596.020000
2021-06-07T05:19:00Z,596.440000
2021-06-07T05:21:00Z,596.450000
2021-06-07T05:22:00Z,596.040000
2021-06-07T05:23:00Z,596.000000
2021-06-07T05:24:00Z,595.510000
2021-06-07T05:25:00Z,595.510000
2021-06-07T05:26:00Z,595.990000
2021-06-07T05:27:00Z,595.520000
2021-06-07T05:31:00Z,595.950000
2021-06-07T05:34:00Z,595.180000
2021-06-07T05:36:00Z,596.000000
2021-06-07T05:37:00Z,596.000000
2021-06-07T05:38:00Z,596.450000
2021-06-07T05:42:00Z,596.370000
2021-06-07T05:43:00Z,596.370000
2021-06-07T05:44:00Z,596.370000
2021-06-07T05:45:00Z,596.000000
2021-06-07T05:46:00Z,595.350000
2021-06-07T05:48:00Z,595.350000
2021-06-07T05:49:00Z,595.990000
2021-06-07T05:50:00Z,596.000000
2021-06-07T05:51:00Z,595.950000
2021-06-07T05:52:00Z,596.270000
2021-06-07T05:53:00Z,596.280000
2021-06-07T05:54:00Z,596.280000
2021-06-07T05:55:00Z,596.020000
2021-06-07T05:56:00Z,596.000000
2021-06-07T05:57:00Z,595.390000
2021-06-07T05:58:00Z,595.390000
2021-06-07T06:00:00Z,595.970000
2021-06-07T06:01:00Z,596.450000
2021-06-07T06:02:00Z,596.500000
2021-06-07T06:03:00Z,596.000000
2021-06-07T06:05:00Z,596.000000
2021-06-07T06:07:00Z,596.390000
2021-06-07T06:08:00Z,596.000000
2021-06-07T06:10:00Z,596.000000
2021-06-07T06:11:00Z,596.010000
2021-06-07T06:12:00Z,596.400000
2021-06-07T06:13:00Z,596.400000
2021-06-07T06:14:00Z,596.860000
2021-06-07T06:15:00Z,596.110000
2021-06-07T06:16:00Z,596.860000
2021-06-07T06:17:00Z,596.270000
2021-06-07T06:18:00Z,596.860000
2021-06-07T06:19:00Z,596.870000
2021-06-07T06:20:00Z,596.280000
2021-06-07T06:24:00Z,596.100000
2021-06-07T06:26:00Z,596.300000
2021-06-07T06:27:00Z,596.280000
2021-06-07T06:29:00Z,596.020000
2021-06-07T06:30:00Z,596.020000
2021-06-07T06:31:00Z,596.030000
2021-06-07T06:32:00Z,596.020000
2021-06-07T06:33:00Z,596.060000
2021-06-07T06:34:00Z,596.120000
2021-06-07T06:36:00Z,596.130000
2021-06-07T06:37:00Z,596.160000
2021-06-07T06:38:00Z,596.160000
2021-06-07T06:39:00Z,596.160000
2021-06-07T06:40:00Z,596.150000
2021-06-07T06:41:00Z,596.110000
2021-06-07T06:42:00Z,596.120000
2021-06-07T06:44:00Z,596.150000
2021-06-07T06:45:00Z,596.150000
2021-06-07T06:46:00Z,596.150000
2021-06-07T06:47:00Z,596.150000
2021-06-07T06:48:00Z,596.110000
2021-06-07T06:50:00Z,596.780000
2021-06-07T06:51:00Z,596.900000
2021-06-07T06:52:00Z,597.000000
2021-06-07T06:53:00Z,596.150000
2021-06-07T06:55:00Z,596.110000
2021-06-07T06:56:00Z,596.950000
2021-06-07T06:57:00Z,596.210000
2021-06-07T06:58:00Z,596.880000
2021-06-07T06:59:00Z,596.230000
2021-06-07T07:00:00Z,596.850000
2021-06-07T07:01:00Z,596.210000
2021-06-07T07:02:00Z,596.840000
2021-06-07T07:03:00Z,596.210000
2021-06-07T07:04:00Z,596.220000
2021-06-07T07:05:00Z,596.220000
2021-06-07T07:06:00Z,596.110000
2021-06-07T07:07:00Z,596.110000
2021-06-07T07:08:00Z,595.670000
2021-06-07T07:09:00Z,595.660000
2021-06-07T07:10:00Z,595.450000
2021-06-07T07:11:00Z,594.430000
2021-06-07T07:12:00Z,593.470000
2021-06-07T07:13:00Z,593.210000
2021-06-07T07:14:00Z,593.000000
2021-06-07T07:15:00Z,592.520000
2021-06-07T07:16:00Z,593.000000
2021-06-07T07:17:00Z,592.720000
2021-06-07T07:18:00Z,592.960000
2021-06-07T07:19:00Z,593.220000
2021-06-07T07:20:00Z,593.480000
2021-06-07T07:21:00Z,593.490000
2021-06-07T07:22:00Z,593.720000
2021-06-07T07:23:00Z,593.300000
2021-06-07T07:24:00Z,594.000000
2021-06-07T07:25:00Z,594.030000
2021-06-07T07:26:00Z,593.530000
2021-06-07T07:27:00Z,594.820000
2021-06-07T07:28:00Z,594.930000
2021-06-07T07:29:00Z,594.820000
2021-06-07T07:30:00Z,594.520000
2021-06-07T07:31:00Z,594.850000
2021-06-07T07:32:00Z,594.880000
2021-06-07T07:33:00Z,594.000000
2021-06-07T07:34:00Z,594.810000
2021-06-07T07:35:00Z,594.200000
2021-06-07T07:36:00Z,594.790000
2021-06-07T07:37:00Z,594.050000
2021-06-07T07:38:00Z,594.400000
2021-06-07T07:39:00Z,594.580000
2021-06-07T07:40:00Z,594.590000
2021-06-07T07:41:00Z,594.780000
2021-06-07T07:42:00Z,594.790000
2021-06-07T07:43:00Z,594.500000
2021-06-07T07:44:00Z,594.500000
2021-06-07T07:45:00Z,594.500000
2021-06-07T07:46:00Z,594.500000
2021-06-07T07:47:00Z,594.780000
2021-06-07T07:48:00Z,594.600000
2021-06-07T07:49:00Z,594.600000
2021-06-07T07:50:00Z,594.600000
2021-06-07T07:51:00Z,594.600000
2021-06-07T07:52:00Z,594.790000
2021-06-07T07:53:00Z,595.130000
2021-06-07T07:54:00Z,595.160000
2021-06-07T07:55:00Z,595.290000
2021-06-07T07:56:00Z,595.260000
2021-06-07T07:57:00Z,595.090000
2021-06-07T07:58:00Z,595.500000
2021-06-07T07:59:00Z,595.500000
2021-06-07T08:00:00Z,595.970000
2021-06-07T08:01:00Z,593.560000
2021-06-07T08:02:00Z,594.000000
2021-06-07T08:03:00Z,593.100000
2021-06-07T08:04:00Z,592.300000
2021-06-07T08:05:00Z,591.000000
2021-06-07T08:06:00Z,591.610000
2021-06-07T08:07:00Z,592.260000
2021-06-07T08:08:00Z,591.610000
2021-06-07T08:09:00Z,593.610000
2021-06-07T08:10:00Z,593.160000
2021-06-07T08:11:00Z,592.610000
2021-06-07T08:12:00Z,592.300000
2021-06-07T08:13:00Z,592.880000
2021-06-07T08:14:00Z,593.520000
2021-06-07T08:15:00Z,593.800000
2021-06-07T08:16:00Z,593.350000
2021-06-07T08:17:00Z,591.600000
2021-06-07T08:18:00Z,591.500000
2021-06-07T08:19:00Z,591.300000
2021-06-07T08:20:00Z,591.300000
2021-06-07T08:21:00Z,591.690000
2021-06-07T08:22:00Z,591.240000
2021-06-07T08:23:00Z,590.350000
2021-06-07T08:24:00Z,587.830000
2021-06-07T08:25:00Z,587.540000
2021-06-07T08:26:00Z,587.810000
2021-06-07T08:27:00Z,588.580000
2021-06-07T08:28:00Z,588.500000
2021-06-07T08:29:00Z,589.360000
2021-06-07T08:30:00Z,589.410000
2021-06-07T08:31:00Z,589.720000
2021-06-07T08:32:00Z,590.700000
2021-06-07T08:33:00Z,590.360000
2021-06-07T08:34:00Z,589.770000
2021-06-07T08:35:00Z,589.880000
2021-06-07T08:36:00Z,589.860000
2021-06-07T08:37:00Z,590.020000
2021-06-07T08:38:00Z,590.350000
2021-06-07T08:39:00Z,589.000000
2021-06-07T08:40:00Z,589.000000
2021-06-07T08:41:00Z,589.650000
2021-06-07T08:42:00Z,590.140000
2021-06-07T08:43:00Z,589.510000
2021-06-07T08:44:00Z,590.000000
2021-06-07T08:45:00Z,589.790000
2021-06-07T08:46:00Z,589.780000
2021-06-07T08:47:00Z,589.580000
2021-06-07T08:48:00Z,589.470000
2021-06-07T08:49:00Z,589.780000
2021-06-07T08:50:00Z,589.700000
2021-06-07T08:51:00Z,590.000000
2021-06-07T08:52:00Z,590.380000
2021-06-07T08:53:00Z,590.260000
2021-06-07T08:54:00Z,590.400000
2021-06-07T08:55:00Z,590.400000
2021-06-07T08:56:00Z,590.330000
2021-06-07T08:57:00Z,590.450000
2021-06-07T08:58:00Z,591.200000
2021-06-07T08:59:00Z,591.870000
2021-06-07T09:00:00Z,591.780000
2021-06-07T09:01:00Z,591.500000
2021-06-07T09:02:00Z,591.260000
2021-06-07T09:03:00Z,590.970000
2021-06-07T09:04:00Z,591.310000
2021-06-07T09:05:00Z,591.000000
2021-06-07T09:06:00Z,590.710000
2021-06-07T09:07:00Z,590.100000
2021-06-07T09:08:00Z,589.590000
2021-06-07T09:09:00Z,589.470000
2021-06-07T09:10:00Z,589.990000
2021-06-07T09:11:00Z,588.000000
2021-06-07T09:12:00Z,588.720000
2021-06-07T09:13:00Z,591.040000
2021-06-07T09:14:00Z,590.290000
2021-06-07T09:15:00Z,591.030000
2021-06-07T09:16:00Z,591.000000
2021-06-07T09:17:00Z,590.300000
2021-06-07T09:19:00Z,590.490000
2021-06-07T09:20:00Z,590.970000
2021-06-07T09:21:00Z,591.060000
2021-06-07T09:22:00Z,590.800000
2021-06-07T09:24:00Z,590.390000
2021-06-07T09:25:00Z,590.880000
2021-06-07T09:26:00Z,590.780000
2021-06-07T09:27:00Z,590.500000
2021-06-07T09:28:00Z,590.750000
2021-06-07T09:29:00Z,590.070000
2021-06-07T09:30:00Z,590.000000
2021-06-07T09:31:00Z,590.010000
2021-06-07T09:32:00Z,590.490000
2021-06-07T09:33:00Z,590.750000
2021-06-07T09:34:00Z,591.000000
2021-06-07T09:35:00Z,591.000000
2021-06-07T09:36:00Z,591.200000
2021-06-07T09:37:00Z,590.390000
2021-06-07T09:38:00Z,591.000000
2021-06-07T09:39:00Z,591.190000
2021-06-07T09:41:00Z,591.000000
2021-06-07T09:42:00Z,591.170000
2021-06-07T09:43:00Z,591.150000
2021-06-07T09:44:00Z,591.150000
2021-06-07T09:45:00Z,590.910000
2021-06-07T09:46:00Z,591.020000
2021-06-07T09:47:00Z,591.020000
2021-06-07T09:48:00Z,591.000000
2021-06-07T09:49:00Z,591.080000
2021-06-07T09:51:00Z,590.870000
2021-06-07T09:52:00Z,591.000000
2021-06-07T09:53:00Z,590.590000
2021-06-07T09:55:00Z,591.000000
2021-06-07T09:56:00Z,591.000000
2021-06-07T09:57:00Z,591.000000
2021-06-07T09:58:00Z,591.080000
2021-06-07T09:59:00Z,591.080000
2021-06-07T10:00:00Z,590.790000
2021-06-07T10:01:00Z,590.790000
2021-06-07T10:03:00Z,590.710000
2021-06-07T10:04:00Z,590.720000
2021-06-07T10:05:00Z,590.850000
2021-06-07T10:06:00Z,590.840000
2021-06-07T10:07:00Z,590.690000
2021-06-07T10:08:00Z,590.700000
2021-06-07T10:09:00Z,590.700000
2021-06-07T10:10:00Z,590.840000
2021-06-07T10:11:00Z,590.850000
2021-06-07T10:12:00Z,590.650000
2021-06-07T10:13:00Z,590.870000
2021-06-07T10:14:00Z,591.060000
2021-06-07T10:15:00Z,591.390000
2021-06-07T10:16:00Z,591.390000
2021-06-07T10:18:00Z,591.380000
2021-06-07T10:19:00Z,591.400000
2021-06-07T10:20:00Z,591.500000
2021-06-07T10:21:00Z,591.690000
2021-06-07T10:23:00Z,591.780000
2021-06-07T10:24:00Z,591.780000
2021-06-07T10:25:00Z,591.950000
2021-06-07T10:26:00Z,591.500000
2021-06-07T10:28:00Z,592.950000
2021-06-07T10:29:00Z,593.000000
2021-06-07T10:30:00Z,593.500000
2021-06-07T10:31:00Z,593.910000
2021-06-07T10:32:00Z,593.450000
2021-06-07T10:33:00Z,593.830000
2021-06-07T10:34:00Z,594.430000
2021-06-07T10:35:00Z,595.000000
2021-06-07T10:36:00Z,593.790000
2021-06-07T10:37:00Z,594.200000
2021-06-07T10:38:00Z,594.220000
2021-06-07T10:39:00Z,594.310000
2021-06-07T10:40:00Z,594.150000
2021-06-07T10:41:00Z,594.420000
2021-06-07T10:42:00Z,594.230000
2021-06-07T10:43:00Z,594.140000
2021-06-07T10:44:00Z,594.310000
2021-06-07T10:45:00Z,594.110000
2021-06-07T10:46:00Z,593.790000
2021-06-07T10:47:00Z,593.810000
2021-06-07T10:48:00Z,593.790000
2021-06-07T10:49:00Z,593.900000
2021-06-07T10:50:00Z,593.900000
2021-06-07T10:51:00Z,593.910000
2021-06-07T10:52:00Z,593.700000
2021-06-07T10:53:00Z,593.690000
2021-06-07T10:54:00Z,593.790000
2021-06-07T10:55:00Z,593.600000
2021-06-07T10:56:00Z,593.050000
2021-06-07T10:57:00Z,592.660000
2021-06-07T10:58:00Z,593.290000
2021-06-07T10:59:00Z,592.850000
2021-06-07T11:00:00Z,594.030000
2021-06-07T11:01:00Z,595.060000
2021-06-07T11:02:00Z,595.760000
2021-06-07T11:03:00Z,596.300000
2021-06-07T11:04:00Z,596.550000
2021-06-07T11:05:00Z,597.800000
2021-06-07T11:06:00Z,598.200000
2021-06-07T11:07:00Z,598.000000
2021-06-07T11:08:00Z,598.380000
2021-06-07T11:09:00Z,597.600000
2021-06-07T11:10:00Z,597.330000
2021-06-07T11:11:00Z,596.850000
2021-06-07T11:12:00Z,597.090000
2021-06-07T11:13:00Z,596.960000
2021-06-07T11:14:00Z,597.390000
2021-06-07T11:15:00Z,597.900000
2021-06-07T11:16:00Z,598.260000
2021-06-07T11:17:00Z,598.490000
2021-06-07T11:18:00Z,597.600000
2021-06-07T11:19:00Z,597.600000
2021-06-07T11:20:00Z,597.660000
2021-06-07T11:21:00Z,598.370000
2021-06-07T11:22:00Z,597.670000
2021-06-07T11:23:00Z,597.150000
2021-06-07T11:24:00Z,596.780000
2021-06-07T11:25:00Z,596.770000
2021-06-07T11:26:00Z,597.460000
2021-06-07T11:27:00Z,597.270000
2021-06-07T11:28:00Z,596.650000
2021-06-07T11:29:00Z,597.700000
2021-06-07T11:30:00Z,598.170000
2021-06-07T11:31:00Z,597.000000
2021-06-07T11:32:00Z,596.970000
2021-06-07T11:33:00Z,596.630000
2021-06-07T11:34:00Z,596.420000
2021-06-07T11:35:00Z,596.330000
2021-06-07T11:36:00Z,597.600000
2021-06-07T11:37:00Z,597.550000
2021-06-07T11:38:00Z,597.450000
2021-06-07T11:39:00Z,596.700000
2021-06-07T11:40:00Z,596.000000
2021-06-07T11:41:00Z,595.900000
2021-06-07T11:42:00Z,595.790000
2021-06-07T11:43:00Z,595.790000
2021-06-07T11:44:00Z,596.100000
2021-06-07T11:45:00Z,596.300000
2021-06-07T11:46:00Z,596.250000
2021-06-07T11:47:00Z,596.770000
2021-06-07T11:48:00Z,596.950000
2021-06-07T11:49:00Z,596.700000
2021-06-07T11:50:00Z,597.150000
2021-06-07T11:51:00Z,597.270000
2021-06-07T11:52:00Z,597.120000
2021-06-07T11:53:00Z,597.700000
2021-06-07T11:54:00Z,597.010000
2021-06-07T11:55:00Z,597.490000
2021-06-07T11:56:00Z,597.150000
2021-06-07T11:57:00Z,597.300000
2021-06-07T11:58:00Z,597.370000
2021-06-07T11:59:00Z,596.430000
2021-06-07T12:00:00Z,596.790000
2021-06-07T12:01:00Z,596.220000
2021-06-07T12:02:00Z,596.220000
2021-06-07T12:03:00Z,596.330000
2021-06-07T12:04:00Z,596.010000
2021-06-07T12:05:00Z,596.070000
2021-06-07T12:06:00Z,596.000000
2021-06-07T12:07:00Z,596.120000
2021-06-07T12:08:00Z,596.060000
2021-06-07T12:09:00Z,596.490000
2021-06-07T12:10:00Z,596.440000
2021-06-07T12:11:00Z,596.350000
2021-06-07T12:12:00Z,596.500000
2021-06-07T12:13:00Z,596.350000
2021-06-07T12:14:00Z,596.370000
2021-06-07T12:15:00Z,596.350000
2021-06-07T12:16:00Z,596.300000
2021-06-07T12:17:00Z,596.400000
2021-06-07T12:18:00Z,596.250000
2021-06-07T12:19:00Z,596.160000
2021-06-07T12:20:00Z,596.330000
2021-06-07T12:21:00Z,596.190000
2021-06-07T12:22:00Z,596.110000
2021-06-07T12:23:00Z,596.370000
2021-06-07T12:24:00Z,595.520000
2021-06-07T12:25:00Z,595.400000
2021-06-07T12:26:00Z,595.520000
2021-06-07T12:27:00Z,595.300000
2021-06-07T12:28:00Z,595.500000
2021-06-07T12:29:00Z,595.430000
2021-06-07T12:30:00Z,595.600000
2021-06-07T12:31:00Z,596.220000
2021-06-07T12:32:00Z,596.010000
2021-06-07T12:33:00Z,596.120000
2021-06-07T12:34:00Z,596.130000
2021-06-07T12:35:00Z,596.200000
2021-06-07T12:36:00Z,596.500000
2021-06-07T12:37:00Z,596.790000
2021-06-07T12:38:00Z,597.000000
2021-06-07T12:39:00Z,596.910000
2021-06-07T12:40:00Z,597.000000
2021-06-07T12:41:00Z,596.720000
2021-06-07T12:42:00Z,596.560000
2021-06-07T12:43:00Z,596.400000
2021-06-07T12:44:00Z,596.100000
2021-06-07T12:45:00Z,596.600000
2021-06-07T12:46:00Z,596.170000
2021-06-07T12:47:00Z,596.070000
2021-06-07T12:48:00Z,596.000000
2021-06-07T12:49:00Z,596.010000
2021-06-07T12:50:00Z,596.080000
2021-06-07T12:51:00Z,596.500000
2021-06-07T12:52:00Z,596.290000
2021-06-07T12:53:00Z,595.920000
2021-06-07T12:54:00Z,596.200000
2021-06-07T12:55:00Z,595.960000
2021-06-07T12:56:00Z,596.200000
2021-06-07T12:57:00Z,596.010000
2021-06-07T12:58:00Z,596.090000
2021-06-07T12:59:00Z,595.810000
2021-06-07T13:00:00Z,595.290000
2021-06-07T13:01:00Z,595.320000
2021-06-07T13:02:00Z,595.010000
2021-06-07T13:03:00Z,594.180000
2021-06-07T13:04:00Z,594.410000
2021-06-07T13:05:00Z,594.050000
2021-06-07T13:06:00Z,594.400000
2021-06-07T13:07:00Z,594.840000
2021-06-07T13:08:00Z,594.500000
2021-06-07T13:09:00Z,594.330000
2021-06-07T13:10:00Z,594.670000
2021-06-07T13:11:00Z,594.550000
2021-06-07T13:12:00Z,594.400000
2021-06-07T13:13:00Z,594.280000
2021-06-07T13:14:00Z,594.270000
2021-06-07T13:15:00Z,594.020000
2021-06-07T13:16:00Z,594.500000
2021-06-07T13:17:00Z,594.530000
2021-06-07T13:18:00Z,594.200000
2021-06-07T13:19:00Z,594.420000
2021-06-07T13:20:00Z,594.300000
2021-06-07T13:21:00Z,594.250000
2021-06-07T13:22:00Z,594.010000
2021-06-07T13:23:00Z,594.060000
2021-06-07T13:24:00Z,594.000000
2021-06-07T13:25:00Z,593.260000
2021-06-07T13:26:00Z,593.160000
2021-06-07T13:27:00Z,592.480000
2021-06-07T13:28:00Z,591.770000
2021-06-07T13:29:00Z,591.770000
2021-06-07T13:30:00Z,592.950000
2021-06-07T13:31:00Z,592.080000
2021-06-07T13:32:00Z,590.670000
2021-06-07T13:33:00Z,589.400000
2021-06-07T13:34:00Z,590.190000
2021-06-07T13:35:00Z,592.780000
2021-06-07T13:36:00Z,593.660000
2021-06-07T13:37:00Z,592.780000
2021-06-07T13:38:00Z,590.540000
2021-06-07T13:39:00Z,589.970000
2021-06-07T13:40:00Z,590.100000
2021-06-07T13:41:00Z,590.770000
2021-06-07T13:42:00Z,590.460000
2021-06-07T13:43:00Z,589.770000
2021-06-07T13:44:00Z,590.000000
2021-06-07T13:45:00Z,591.760000
2021-06-07T13:46:00Z,592.490000
2021-06-07T13:47:00Z,591.810000
2021-06-07T13:48:00Z,591.540000
2021-06-07T13:49:00Z,591.410000
2021-06-07T13:50:00Z,589.840000
2021-06-07T13:51:00Z,589.000000
2021-06-07T13:52:00Z,587.690000
2021-06-07T13:53:00Z,587.410000
2021-06-07T13:54:00Z,587.100000
2021-06-07T13:55:00Z,587.000000
2021-06-07T13:56:00Z,587.400000
2021-06-07T13:57:00Z,588.000000
2021-06-07T13:58:00Z,587.550000
2021-06-07T13:59:00Z,588.610000
2021-06-07T14:00:00Z,587.170000
2021-06-07T14:01:00Z,585.550000
2021-06-07T14:02:00Z,584.690000
2021-06-07T14:03:00Z,585.680000
2021-06-07T14:04:00Z,585.600000
2021-06-07T14:05:00Z,587.270000
2021-06-07T14:06:00Z,586.930000
2021-06-07T14:07:00Z,586.670000
2021-06-07T14:08:00Z,586.320000
2021-06-07T14:09:00Z,586.180000
2021-06-07T14:10:00Z,586.680000
2021-06-07T14:11:00Z,584.730000
2021-06-07T14:12:00Z,585.440000
2021-06-07T14:13:00Z,586.400000
2021-06-07T14:14:00Z,586.290000
2021-06-07T14:15:00Z,585.570000
2021-06-07T14:16:00Z,586.460000
2021-06-07T14:17:00Z,586.410000
2021-06-07T14:18:00Z,586.180000
2021-06-07T14:19:00Z,584.750000
2021-06-07T14:20:00Z,585.820000
2021-06-07T14:21:00Z,586.510000
2021-06-07T14:22:00Z,586.510000
2021-06-07T14:23:00Z,586.220000
2021-06-07T14:24:00Z,586.220000
2021-06-07T14:25:00Z,585.650000
2021-06-07T14:26:00Z,586.730000
2021-06-07T14:27:00Z,587.230000
2021-06-07T14:28:00Z,588.170000
2021-06-07T14:29:00Z,587.770000
2021-06-07T14:30:00Z,587.490000
2021-06-07T14:31:00Z,587.600000
2021-06-07T14:32:00Z,587.190000
2021-06-07T14:33:00Z,587.330000
2021-06-07T14:34:00Z,587.140000
2021-06-07T14:35:00Z,587.530000
2021-06-07T14:36:00Z,587.100000
2021-06-07T14:37:00Z,586.840000
2021-06-07T14:38:00Z,586.500000
2021-06-07T14:39:00Z,586.610000
2021-06-07T14:40:00Z,586.310000
2021-06-07T14:41:00Z,586.530000
2021-06-07T14:42:00Z,586.620000
2021-06-07T14:43:00Z,587.240000
2021-06-07T14:44:00Z,586.100000
2021-06-07T14:45:00Z,584.900000
2021-06-07T14:46:00Z,584.820000
2021-06-07T14:47:00Z,583.730000
2021-06-07T14:48:00Z,583.100000
2021-06-07T14:49:00Z,583.970000
2021-06-07T14:50:00Z,584.060000
2021-06-07T14:51:00Z,583.800000
2021-06-07T14:52:00Z,584.300000
2021-06-07T14:53:00Z,583.790000
2021-06-07T14:54:00Z,583.450000
2021-06-07T14:55:00Z,583.690000
2021-06-07T14:56:00Z,584.030000
2021-06-07T14:57:00Z,583.370000
2021-06-07T14:58:00Z,583.730000
2021-06-07T14:59:00Z,584.650000
2021-06-07T15:00:00Z,584.530000
2021-06-07T15:01:00Z,584.580000
2021-06-07T15:02:00Z,584.160000
2021-06-07T15:03:00Z,584.000000
2021-06-07T15:04:00Z,583.880000
2021-06-07T15:05:00Z,584.420000
2021-06-07T15:06:00Z,584.000000
2021-06-07T15:07:00Z,584.420000
2021-06-07T15:08:00Z,585.240000
2021-06-07T15:09:00Z,585.870000
2021-06-07T15:10:00Z,586.330000
2021-06-07T15:11:00Z,586.150000
2021-06-07T15:12:00Z,586.310000
2021-06-07T15:13:00Z,586.220000
2021-06-07T15:14:00Z,586.260000
2021-06-07T15:15:00Z,586.430000
2021-06-07T15:16:00Z,585.870000
2021-06-07T15:17:00Z,585.520000
2021-06-07T15:18:00Z,586.310000
2021-06-07T15:19:00Z,586.440000
2021-06-07T15:20:00Z,586.220000
2021-06-07T15:21:00Z,585.430000
2021-06-07T15:22:00Z,585.210000
2021-06-07T15:23:00Z,584.820000
2021-06-07T15:24:00Z,585.290000
2021-06-07T15:25:00Z,584.530000
2021-06-07T15:26:00Z,584.500000
2021-06-07T15:27:00Z,584.180000
2021-06-07T15:28:00Z,584.140000
2021-06-07T15:29:00Z,583.990000
2021-06-07T15:30:00Z,584.340000
2021-06-07T15:31:00Z,584.110000
2021-06-07T15:32:00Z,584.550000
2021-06-07T15:33:00Z,585.040000
2021-06-07T15:34:00Z,584.320000
2021-06-07T15:35:00Z,584.400000
2021-06-07T15:36:00Z,584.900000
2021-06-07T15:37:00Z,585.110000
2021-06-07T15:38:00Z,585.420000
2021-06-07T15:39:00Z,585.890000
2021-06-07T15:40:00Z,585.400000
2021-06-07T15:41:00Z,585.700000
2021-06-07T15:42:00Z,585.110000
2021-06-07T15:43:00Z,585.210000
2021-06-07T15:44:00Z,585.630000
2021-06-07T15:45:00Z,585.440000
2021-06-07T15:46:00Z,585.500000
2021-06-07T15:47:00Z,585.630000
2021-06-07T15:48:00Z,585.530000
2021-06-07T15:49:00Z,585.990000
2021-06-07T15:50:00Z,587.180000
2021-06-07T15:51:00Z,587.390000
2021-06-07T15:52:00Z,587.280000
2021-06-07T15:53:00Z,587.620000
2021-06-07T15:54:00Z,587.680000
2021-06-07T15:55:00Z,588.320000
2021-06-07T15:56:00Z,588.200000
2021-06-07T15:57:00Z,588.310000
2021-06-07T15:58:00Z,587.820000
2021-06-07T15:59:00Z,588.000000
2021-06-07T16:00:00Z,587.800000
2021-06-07T16:01:00Z,587.830000
2021-06-07T16:02:00Z,587.330000
2021-06-07T16:03:00Z,587.540000
2021-06-07T16:04:00Z,587.520000
2021-06-07T16:05:00Z,587.890000
2021-06-07T16:06:00Z,588.030000
2021-06-07T16:07:00Z,589.150000
2021-06-07T16:08:00Z,589.990000
2021-06-07T16:09:00Z,590.660000
2021-06-07T16:10:00Z,590.840000
2021-06-07T16:11:00Z,590.910000
2021-06-07T16:12:00Z,591.070000
2021-06-07T16:13:00Z,591.160000
2021-06-07T16:14:00Z,590.570000
2021-06-07T16:15:00Z,591.330000
2021-06-07T16:16:00Z,590.860000
2021-06-07T16:17:00Z,590.840000
2021-06-07T16:18:00Z,590.780000
2021-06-07T16:19:00Z,590.900000
2021-06-07T16:20:00Z,591.890000
2021-06-07T16:21:00Z,591.930000
2021-06-07T16:22:00Z,593.090000
2021-06-07T16:23:00Z,593.500000
2021-06-07T16:24:00Z,593.220000
2021-06-07T16:25:00Z,593.050000
2021-06-07T16:26:00Z,592.300000
2021-06-07T16:27:00Z,591.770000
2021-06-07T16:28:00Z,591.970000
2021-06-07T16:29:00Z,592.070000
2021-06-07T16:30:00Z,592.330000
2021-06-07T16:31:00Z,591.430000
2021-06-07T16:32:00Z,591.280000
2021-06-07T16:33:00Z,591.200000
2021-06-07T16:34:00Z,591.410000
2021-06-07T16:35:00Z,591.310000
2021-06-07T16:36:00Z,591.820000
2021-06-07T16:37:00Z,591.850000
2021-06-07T16:38:00Z,591.630000
2021-06-07T16:39:00Z,591.440000
2021-06-07T16:40:00Z,591.380000
2021-06-07T16:41:00Z,591.250000
2021-06-07T16:42:00Z,591.600000
2021-06-07T16:43:00Z,591.640000
2021-06-07T16:44:00Z,591.200000
2021-06-07T16:45:00Z,591.480000
2021-06-07T16:46:00Z,591.310000
2021-06-07T16:47:00Z,592.100000
2021-06-07T16:48:00Z,591.630000
2021-06-07T16:49:00Z,591.390000
2021-06-07T16:50:00Z,591.060000
2021-06-07T16:51:00Z,590.300000
2021-06-07T16:52:00Z,589.730000
2021-06-07T16:53:00Z,589.470000
2021-06-07T16:54:00Z,589.730000
2021-06-07T16:55:00Z,590.330000
2021-06-07T16:56:00Z,589.740000
2021-06-07T16:57:00Z,589.560000
2021-06-07T16:58:00Z,589.700000
2021-06-07T16:59:00Z,589.400000
2021-06-07T17:00:00Z,589.890000
2021-06-07T17:01:00Z,589.720000
2021-06-07T17:02:00Z,589.470000
2021-06-07T17:03:00Z,589.330000
2021-06-07T17:04:00Z,589.360000
2021-06-07T17:05:00Z,589.100000
2021-06-07T17:06:00Z,588.680000
2021-06-07T17:07:00Z,588.450000
2021-06-07T17:08:00Z,588.610000
2021-06-07T17:09:00Z,588.590000
2021-06-07T17:10:00Z,588.220000
2021-06-07T17:11:00Z,587.700000
2021-06-07T17:12:00Z,587.090000
2021-06-07T17:13:00Z,587.130000
2021-06-07T17:14:00Z,587.290000
2021-06-07T17:15:00Z,587.320000
2021-06-07T17:16:00Z,587.620000
2021-06-07T17:17:00Z,587.260000
2021-06-07T17:18:00Z,587.170000
2021-06-07T17:19:00Z,587.370000
2021-06-07T17:20:00Z,587.120000
2021-06-07T17:21:00Z,587.350000
2021-06-07T17:22:00Z,587.450000
2021-06-07T17:23:00Z,587.270000
2021-06-07T17:24:00Z,587.350000
2021-06-07T17:25:00Z,586.760000
2021-06-07T17:26:00Z,586.900000
2021-06-07T17:27:00Z,587.100000
2021-06-07T17:28:00Z,586.920000
2021-06-07T17:29:00Z,586.870000
2021-06-07T17:30:00Z,587.010000
2021-06-07T17:31:00Z,587.010000
2021-06-07T17:32:00Z,587.180000
2021-06-07T17:33:00Z,587.000000
2021-06-07T17:34:00Z,586.930000
2021-06-07T17:35:00Z,587.350000
2021-06-07T17:36:00Z,587.530000
2021-06-07T17:37:00Z,587.840000
2021-06-07T17:38:00Z,587.880000
2021-06-07T17:39:00Z,588.150000
2021-06-07T17:40:00Z,588.550000
2021-06-07T17:41:00Z,588.890000
2021-06-07T17:42:00Z,589.200000
2021-06-07T17:43:00Z,589.040000
2021-06-07T17:44:00Z,589.330000
2021-06-07T17:45:00Z,589.630000
2021-06-07T17:46:00Z,589.770000
2021-06-07T17:47:00Z,589.560000
2021-06-07T17:48:00Z,590.170000
2021-06-07T17:49:00Z,590.330000
2021-06-07T17:50:00Z,590.500000
2021-06-07T17:51:00Z,590.500000
2021-06-07T17:52:00Z,590.350000
2021-06-07T17:53:00Z,590.430000
2021-06-07T17:54:00Z,590.610000
2021-06-07T17:55:00Z,590.500000
2021-06-07T17:56:00Z,590.020000
2021-06-07T17:57:00Z,589.530000
2021-06-07T17:58:00Z,589.290000
2021-06-07T17:59:00Z,589.330000
2021-06-07T18:00:00Z,590.660000
2021-06-07T18:01:00Z,590.850000
2021-06-07T18:02:00Z,590.540000
2021-06-07T18:03:00Z,590.800000
2021-06-07T18:04:00Z,590.950000
2021-06-07T18:05:00Z,591.080000
2021-06-07T18:06:00Z,591.500000
2021-06-07T18:07:00Z,592.090000
2021-06-07T18:08:00Z,592.350000
2021-06-07T18:09:00Z,593.300000
2021-06-07T18:10:00Z,592.490000
2021-06-07T18:11:00Z,592.210000
2021-06-07T18:12:00Z,592.500000
2021-06-07T18:13:00Z,592.040000
2021-06-07T18:14:00Z,592.250000
2021-06-07T18:15:00Z,591.620000
2021-06-07T18:16:00Z,592.000000
2021-06-07T18:17:00Z,592.320000
2021-06-07T18:18:00Z,592.370000
2021-06-07T18:19:00Z,592.420000
2021-06-07T18:20:00Z,595.000000
2021-06-07T18:21:00Z,595.910000
2021-06-07T18:22:00Z,595.640000
2021-06-07T18:23:00Z,595.830000
2021-06-07T18:24:00Z,597.730000
2021-06-07T18:25:00Z,597.700000
2021-06-07T18:26:00Z,597.280000
2021-06-07T18:27:00Z,597.150000
2021-06-07T18:28:00Z,596.940000
2021-06-07T18:29:00Z,596.980000
2021-06-07T18:30:00Z,598.200000
2021-06-07T18:31:00Z,597.720000
2021-06-07T18:32:00Z,598.220000
2021-06-07T18:33:00Z,597.950000
2021-06-07T18:34:00Z,597.500000
2021-06-07T18:35:00Z,597.150000
2021-06-07T18:36:00Z,597.170000
2021-06-07T18:37:00Z,597.200000
2021-06-07T18:38:00Z,596.400000
2021-06-07T18:39:00Z,596.520000
2021-06-07T18:40:00Z,596.420000
2021-06-07T18:41:00Z,596.440000
2021-06-07T18:42:00Z,595.870000
2021-06-07T18:43:00Z,595.890000
2021-06-07T18:44:00Z,596.150000
2021-06-07T18:45:00Z,596.430000
2021-06-07T18:46:00Z,595.590000
2021-06-07T18:47:00Z,596.400000
2021-06-07T18:48:00Z,596.400000
2021-06-07T18:49:00Z,596.340000
2021-06-07T18:50:00Z,598.210000
2021-06-07T18:51:00Z,598.270000
2021-06-07T18:52:00Z,598.800000
2021-06-07T18:53:00Z,599.920000
2021-06-07T18:54:00Z,601.860000
2021-06-07T18:55:00Z,602.190000
2021-06-07T18:56:00Z,602.300000
2021-06-07T18:57:00Z,602.790000
2021-06-07T18:58:00Z,602.560000
2021-06-07T18:59:00Z,602.150000
2021-06-07T19:00:00Z,602.930000
2021-06-07T19:01:00Z,601.990000
2021-06-07T19:02:00Z,602.440000
2021-06-07T19:03:00Z,602.290000
2021-06-07T19:04:00Z,602.490000
2021-06-07T19:05:00Z,603.920000
2021-06-07T19:06:00Z,603.530000
2021-06-07T19:07:00Z,603.250000
2021-06-07T19:08:00Z,602.990000
2021-06-07T19:09:00Z,603.140000
2021-06-07T19:10:00Z,602.840000
2021-06-07T19:11:00Z,603.230000
2021-06-07T19:12:00Z,604.050000
2021-06-07T19:13:00Z,604.270000
2021-06-07T19:14:00Z,603.940000
2021-06-07T19:15:00Z,604.670000
2021-06-07T19:16:00Z,604.800000
2021-06-07T19:17:00Z,606.220000
2021-06-07T19:18:00Z,607.240000
2021-06-07T19:19:00Z,606.060000
2021-06-07T19:20:00Z,607.070000
2021-06-07T19:21:00Z,606.880000
2021-06-07T19:22:00Z,606.920000
2021-06-07T19:23:00Z,606.760000
2021-06-07T19:24:00Z,607.230000
2021-06-07T19:25:00Z,606.760000
2021-06-07T19:26:00Z,606.070000
2021-06-07T19:27:00Z,606.180000
2021-06-07T19:28:00Z,606.540000
2021-06-07T19:29:00Z,606.020000
2021-06-07T19:30:00Z,606.860000
2021-06-07T19:31:00Z,607.560000
2021-06-07T19:32:00Z,607.590000
2021-06-07T19:33:00Z,607.320000
2021-06-07T19:34:00Z,606.830000
2021-06-07T19:35:00Z,606.420000
2021-06-07T19:36:00Z,605.440000
2021-06-07T19:37:00Z,604.900000
2021-06-07T19:38:00Z,604.520000
2021-06-07T19:39:00Z,605.040000
2021-06-07T19:40:00Z,606.540000
2021-06-07T19:41:00Z,607.000000
2021-06-07T19:42:00Z,606.450000
2021-06-07T19:43:00Z,606.590000
2021-06-07T19:44:00Z,605.680000
2021-06-07T19:45:00Z,605.960000
2021-06-07T19:46:00Z,605.860000
2021-06-07T19:47:00Z,605.500000
2021-06-07T19:48:00Z,604.730000
2021-06-07T19:49:00Z,605.590000
2021-06-07T19:50:00Z,605.790000
2021-06-07T19:51:00Z,606.090000
2021-06-07T19:52:00Z,605.990000
2021-06-07T19:53:00Z,605.650000
2021-06-07T19:54:00Z,606.050000
2021-06-07T19:55:00Z,605.240000
2021-06-07T19:56:00Z,605.480000
2021-06-07T19:57:00Z,605.860000
2021-06-07T19:58:00Z,605.630000
2021-06-07T19:59:00Z,605.130000
2021-06-07T20:00:00Z,605.130000
2021-06-07T20:01:00Z,605.000000
2021-06-07T20:02:00Z,605.000000
2021-06-07T20:03:00Z,604.810000
2021-06-07T20:04:00Z,604.420000
2021-06-07T20:05:00Z,604.470000
2021-06-07T20:06:00Z,604.520000
2021-06-07T20:07:00Z,604.700000
2021-06-07T20:08:00Z,604.690000
2021-06-07T20:09:00Z,604.510000
2021-06-07T20:10:00Z,604.500000
2021-06-07T20:11:00Z,604.590000
2021-06-07T20:12:00Z,604.560000
2021-06-07T20:13:00Z,603.590000
2021-06-07T20:14:00Z,604.140000
2021-06-07T20:15:00Z,603.730000
2021-06-07T20:16:00Z,604.500000
2021-06-07T20:17:00Z,604.800000
2021-06-07T20:18:00Z,604.420000
2021-06-07T20:19:00Z,604.300000
2021-06-07T20:20:00Z,604.280000
2021-06-07T20:21:00Z,604.300000
2021-06-07T20:22:00Z,604.250000
2021-06-07T20:23:00Z,604.530000
2021-06-07T20:24:00Z,604.570000
2021-06-07T20:25:00Z,604.500000
2021-06-07T20:26:00Z,604.480000
2021-06-07T20:27:00Z,604.410000
2021-06-07T20:28:00Z,604.080000
2021-06-07T20:29:00Z,604.150000
2021-06-07T20:30:00Z,604.300000
2021-06-07T20:31:00Z,604.040000
2021-06-07T20:32:00Z,604.200000
2021-06-07T20:33:00Z,604.300000
2021-06-07T20:34:00Z,604.360000
2021-06-07T20:35:00Z,604.800000
2021-06-07T20:36:00Z,604.370000
2021-06-07T20:37:00Z,604.530000
2021-06-07T20:38:00Z,604.310000
2021-06-07T20:39:00Z,604.710000
2021-06-07T20:40:00Z,604.340000
2021-06-07T20:41:00Z,604.210000
2021-06-07T20:42:00Z,604.220000
2021-06-07T20:43:00Z,604.310000
2021-06-07T20:44:00Z,604.480000
2021-06-07T20:45:00Z,604.160000
2021-06-07T20:46:00Z,604.340000
2021-06-07T20:47:00Z,604.170000
2021-06-07T20:48:00Z,604.350000
2021-06-07T20:49:00Z,604.100000
2021-06-07T20:50:00Z,604.100000
2021-06-07T20:51:00Z,603.830000
2021-06-07T20:52:00Z,603.660000
2021-06-07T20:53:00Z,603.630000
2021-06-07T20:54:00Z,603.700000
2021-06-07T20:55:00Z,603.790000
2021-06-07T20:56:00Z,603.750000
2021-06-07T20:57:00Z,603.610000
2021-06-07T20:58:00Z,603.890000
2021-06-07T20:59:00Z,603.650000
2021-06-07T21:00:00Z,604.170000
2021-06-07T21:01:00Z,603.810000
2021-06-07T21:02:00Z,604.090000
2021-06-07T21:03:00Z,604.080000
2021-06-07T21:04:00Z,604.430000
2021-06-07T21:05:00Z,604.490000
2021-06-07T21:07:00Z,604.450000
2021-06-07T21:08:00Z,604.430000
2021-06-07T21:09:00Z,604.680000
2021-06-07T21:10:00Z,604.500000
2021-06-07T21:11:00Z,604.010000
2021-06-07T21:12:00Z,603.650000
2021-06-07T21:13:00Z,603.250000
2021-06-07T21:14:00Z,602.540000
2021-06-07T21:15:00Z,602.660000
2021-06-07T21:16:00Z,603.000000
2021-06-07T21:17:00Z,603.020000
2021-06-07T21:18:00Z,603.000000
2021-06-07T21:19:00Z,602.890000
2021-06-07T21:20:00Z,602.270000
2021-06-07T21:21:00Z,602.000000
2021-06-07T21:22:00Z,602.700000
2021-06-07T21:23:00Z,602.410000
2021-06-07T21:24:00Z,603.870000
2021-06-07T21:25:00Z,603.120000
2021-06-07T21:26:00Z,603.220000
2021-06-07T21:27:00Z,602.800000
2021-06-07T21:28:00Z,602.820000
2021-06-07T21:29:00Z,602.810000
2021-06-07T21:30:00Z,603.000000
2021-06-07T21:31:00Z,603.150000
2021-06-07T21:32:00Z,603.000000
2021-06-07T21:33:00Z,603.000000
2021-06-07T21:34:00Z,603.370000
2021-06-07T21:35:00Z,603.180000
2021-06-07T21:36:00Z,603.180000
2021-06-07T21:37:00Z,603.510000
2021-06-07T21:38:00Z,603.510000
2021-06-07T21:39:00Z,603.750000
2021-06-07T21:40:00Z,603.620000
2021-06-07T21:41:00Z,603.510000
2021-06-07T21:42:00Z,603.500000
2021-06-07T21:43:00Z,603.540000
2021-06-07T21:44:00Z,603.580000
2021-06-07T21:45:00Z,603.300000
2021-06-07T21:46:00Z,602.840000
2021-06-07T21:47:00Z,602.300000
2021-06-07T21:48:00Z,602.200000
2021-06-07T21:49:00Z,601.500000
2021-06-07T21:50:00Z,601.500000
2021-06-07T21:51:00Z,601.790000
2021-06-07T21:52:00Z,601.750000
2021-06-07T21:53:00Z,601.650000
2021-06-07T21:54:00Z,601.630000
2021-06-07T21:55:00Z,601.970000
2021-06-07T21:56:00Z,602.000000
2021-06-07T21:57:00Z,602.000000
2021-06-07T21:58:00Z,602.250000
2021-06-07T21:59:00Z,602.290000
2021-06-07T22:00:00Z,602.100000
2021-06-07T22:01:00Z,602.600000
2021-06-07T22:02:00Z,602.600000
2021-06-07T22:03:00Z,603.010000
2021-06-07T22:05:00Z,602.640000
2021-06-07T22:06:00Z,602.400000
2021-06-07T22:07:00Z,602.300000
2021-06-07T22:08:00Z,602.200000
2021-06-07T22:10:00Z,602.150000
2021-06-07T22:11:00Z,602.200000
2021-06-07T22:12:00Z,602.150000
2021-06-07T22:15:00Z,602.000000
2021-06-07T22:16:00Z,602.000000
2021-06-07T22:17:00Z,601.980000
2021-06-07T22:18:00Z,602.440000
2021-06-07T22:19:00Z,602.000000
2021-06-07T22:20:00Z,602.470000
2021-06-07T22:21:00Z,602.470000
2021-06-07T22:22:00Z,602.470000
2021-06-07T22:23:00Z,602.020000
2021-06-07T22:24:00Z,602.020000
2021-06-07T22:25:00Z,602.030000
2021-06-07T22:26:00Z,601.560000
2021-06-07T22:27:00Z,602.000000
2021-06-07T22:28:00Z,601.000000
2021-06-07T22:29:00Z,600.980000
2021-06-07T22:30:00Z,601.000000
2021-06-07T22:31:00Z,601.000000
2021-06-07T22:32:00Z,601.000000
2021-06-07T22:33:00Z,601.590000
2021-06-07T22:34:00Z,601.470000
2021-06-07T22:35:00Z,601.000000
2021-06-07T22:36:00Z,601.000000
2021-06-07T22:38:00Z,601.000000
2021-06-07T22:39:00Z,601.000000
2021-06-07T22:40:00Z,601.020000
2021-06-07T22:41:00Z,600.920000
2021-06-07T22:42:00Z,600.920000
2021-06-07T22:43:00Z,601.000000
2021-06-07T22:44:00Z,601.200000
2021-06-08T04:00:00Z,599.880000
2021-06-08T04:01:00Z,601.000000
2021-06-08T04:02:00Z,601.000000
2021-06-08T04:03:00Z,600.210000
2021-06-08T04:04:00Z,603.980000
2021-06-08T04:05:00Z,603.990000
2021-06-08T04:06:00Z,603.000000
2021-06-08T04:07:00Z,602.500000
2021-06-08T04:08:00Z,602.990000
2021-06-08T04:09:00Z,602.990000
2021-06-08T04:10:00Z,603.000000
2021-06-08T04:11:00Z,602.990000
2021-06-08T04:12:00Z,602.500000
2021-06-08T04:13:00Z,602.690000
2021-06-08T04:14:00Z,602.000000
2021-06-08T04:15:00Z,602.550000
2021-06-08T04:16:00Z,602.500000
2021-06-08T04:17:00Z,602.700000
2021-06-08T04:18:00Z,602.830000
2021-06-08T04:19:00Z,602.030000
2021-06-08T04:20:00Z,602.100000
2021-06-08T04:21:00Z,602.030000
2021-06-08T04:22:00Z,602.030000
2021-06-08T04:23:00Z,602.030000
2021-06-08T04:24:00Z,602.020000
2021-06-08T04:25:00Z,602.000000
2021-06-08T04:27:00Z,602.000000
2021-06-08T04:28:00Z,601.900000
2021-06-08T04:29:00Z,601.260000
2021-06-08T04:30:00Z,601.490000
2021-06-08T04:31:00Z,601.270000
2021-06-08T04:32:00Z,601.260000
2021-06-08T04:33:00Z,601.490000
2021-06-08T04:34:00Z,601.270000
2021-06-08T04:35:00Z,601.200000
2021-06-08T04:37:00Z,602.000000
2021-06-08T04:38:00Z,601.990000
2021-06-08T04:39:00Z,602.000000
2021-06-08T04:40:00Z,602.000000
2021-06-08T04:41:00Z,601.990000
2021-06-08T04:42:00Z,601.980000
2021-06-08T04:44:00Z,600.000000
2021-06-08T04:45:00Z,601.410000
2021-06-08T04:46:00Z,601.350000
2021-06-08T04:49:00Z,601.010000
2021-06-08T04:50:00Z,601.500000
2021-06-08T04:51:00Z,600.530000
2021-06-08T04:52:00Z,601.000000
2021-06-08T04:53:00Z,600.990000
2021-06-08T04:54:00Z,600.990000
2021-06-08T04:55:00Z,600.500000
2021-06-08T04:56:00Z,600.990000
2021-06-08T04:58:00Z,600.900000
2021-06-08T05:00:00Z,600.980000
2021-06-08T05:01:00Z,599.430000
2021-06-08T05:02:00Z,600.700000
2021-06-08T05:03:00Z,600.780000
2021-06-08T05:04:00Z,600.780000
2021-06-08T05:05:00Z,600.750000
2021-06-08T05:07:00Z,600.020000
2021-06-08T05:08:00Z,599.600000
2021-06-08T05:09:00Z,600.000000
2021-06-08T05:10:00Z,600.000000
2021-06-08T05:11:00Z,600.000000
2021-06-08T05:12:00Z,600.100000
2021-06-08T05:14:00Z,600.500000
2021-06-08T05:15:00Z,600.100000
2021-06-08T05:17:00Z,600.000000
2021-06-08T05:18:00Z,600.000000
2021-06-08T05:19:00Z,600.000000
2021-06-08T05:20:00Z,600.000000
2021-06-08T05:21:00Z,599.500000
2021-06-08T05:22:00Z,599.400000
2021-06-08T05:24:00Z,599.400000
2021-06-08T05:25:00Z,599.110000
2021-06-08T05:26:00Z,598.030000
2021-06-08T05:27:00Z,598.030000
2021-06-08T05:28:00Z,598.300000
2021-06-08T05:29:00Z,598.300000
2021-06-08T05:30:00Z,598.000000
2021-06-08T05:31:00Z,597.700000
2021-06-08T05:32:00Z,597.260000
2021-06-08T05:33:00Z,597.300000
2021-06-08T05:34:00Z,597.300000
2021-06-08T05:35:00Z,597.780000
2021-06-08T05:36:00Z,597.500000
2021-06-08T05:37:00Z,597.300000
2021-06-08T05:38:00Z,597.240000
2021-06-08T05:39:00Z,597.240000
2021-06-08T05:40:00Z,596.970000
2021-06-08T05:41:00Z,596.300000
2021-06-08T05:42:00Z,596.030000
2021-06-08T05:43:00Z,596.030000
2021-06-08T05:44:00Z,596.250000
2021-06-08T05:45:00Z,596.240000
2021-06-08T05:46:00Z,596.300000
2021-06-08T05:47:00Z,597.300000
2021-06-08T05:48:00Z,597.970000
2021-06-08T05:49:00Z,598.000000
2021-06-08T05:50:00Z,598.010000
2021-06-08T05:51:00Z,598.990000
2021-06-08T05:52:00Z,599.620000
2021-06-08T05:53:00Z,600.000000
2021-06-08T05:54:00Z,600.770000
2021-06-08T05:55:00Z,600.010000
2021-06-08T05:56:00Z,600.000000
2021-06-08T05:57:00Z,600.000000
2021-06-08T05:58:00Z,600.000000
2021-06-08T05:59:00Z,600.000000
2021-06-08T06:00:00Z,600.000000
2021-06-08T06:01:00Z,599.000000
2021-06-08T06:02:00Z,599.000000
2021-06-08T06:03:00Z,599.290000
2021-06-08T06:04:00Z,599.230000
2021-06-08T06:05:00Z,599.250000
2021-06-08T06:06:00Z,600.000000
2021-06-08T06:07:00Z,600.000000
2021-06-08T06:08:00Z,600.000000
2021-06-08T06:09:00Z,600.000000
2021-06-08T06:10:00Z,600.000000
2021-06-08T06:11:00Z,600.000000
2021-06-08T06:12:00Z,600.000000
2021-06-08T06:13:00Z,599.800000
2021-06-08T06:14:00Z,600.000000
2021-06-08T06:15:00Z,600.010000
2021-06-08T06:16:00Z,600.010000
2021-06-08T06:17:00Z,600.750000
2021-06-08T06:18:00Z,600.750000
2021-06-08T06:19:00Z,600.750000
2021-06-08T06:20:00Z,600.700000
2021-06-08T06:21:00Z,600.710000
2021-06-08T06:22:00Z,600.010000
2021-06-08T06:23:00Z,600.730000
2021-06-08T06:24:00Z,600.000000
2021-06-08T06:25:00Z,600.010000
2021-06-08T06:26:00Z,600.010000
2021-06-08T06:31:00Z,600.500000
2021-06-08T06:32:00Z,600.990000
2021-06-08T06:33:00Z,601.660000
2021-06-08T06:34:00Z,601.600000
2021-06-08T06:35:00Z,601.660000
2021-06-08T06:36:00Z,601.640000
2021-06-08T06:37:00Z,600.510000
2021-06-08T06:40:00Z,601.490000
2021-06-08T06:41:00Z,600.560000
2021-06-08T06:42:00Z,600.610000
2021-06-08T06:43:00Z,601.390000
2021-06-08T06:44:00Z,601.400000
2021-06-08T06:45:00Z,601.490000
2021-06-08T06:46:00Z,601.000000
2021-06-08T06:48:00Z,600.500000
2021-06-08T06:49:00Z,600.500000
2021-06-08T06:50:00Z,600.510000
2021-06-08T06:51:00Z,600.500000
2021-06-08T06:52:00Z,600.500000
2021-06-08T06:53:00Z,600.500000
2021-06-08T06:54:00Z,600.990000
2021-06-08T06:55:00Z,600.510000
2021-06-08T06:56:00Z,601.790000
2021-06-08T06:57:00Z,601.990000
2021-06-08T06:58:00Z,603.000000
2021-06-08T06:59:00Z,602.900000
2021-06-08T07:00:00Z,603.000000
2021-06-08T07:01:00Z,603.000000
2021-06-08T07:02:00Z,601.760000
2021-06-08T07:03:00Z,601.390000
2021-06-08T07:04:00Z,601.620000
2021-06-08T07:05:00Z,603.220000
2021-06-08T07:06:00Z,603.990000
2021-06-08T07:07:00Z,603.600000
2021-06-08T07:08:00Z,603.660000
2021-06-08T07:09:00Z,602.970000
2021-06-08T07:10:00Z,603.000000
2021-06-08T07:11:00Z,603.000000
2021-06-08T07:12:00Z,603.000000
2021-06-08T07:13:00Z,601.770000
2021-06-08T07:14:00Z,601.750000
2021-06-08T07:15:00Z,600.340000
2021-06-08T07:16:00Z,600.000000
2021-06-08T07:17:00Z,599.970000
2021-06-08T07:18:00Z,599.410000
2021-06-08T07:19:00Z,599.970000
2021-06-08T07:20:00Z,599.740000
2021-06-08T07:21:00Z,599.650000
2021-06-08T07:22:00Z,599.300000
2021-06-08T07:23:00Z,599.770000
2021-06-08T07:24:00Z,599.010000
2021-06-08T07:25:00Z,599.070000
2021-06-08T07:26:00Z,599.570000
2021-06-08T07:27:00Z,599.630000
2021-06-08T07:28:00Z,599.740000
2021-06-08T07:29:00Z,599.650000
2021-06-08T07:30:00Z,599.650000
2021-06-08T07:31:00Z,600.000000
2021-06-08T07:32:00Z,599.500000
2021-06-08T07:33:00Z,599.590000
2021-06-08T07:34:00Z,599.300000
2021-06-08T07:35:00Z,598.500000
2021-06-08T07:36:00Z,598.210000
2021-06-08T07:37:00Z,598.250000
2021-06-08T07:38:00Z,598.170000
2021-06-08T07:39:00Z,598.170000
2021-06-08T07:40:00Z,598.170000
2021-06-08T07:41:00Z,598.050000
2021-06-08T07:43:00Z,598.100000
2021-06-08T07:44:00Z,598.170000
2021-06-08T07:45:00Z,598.170000
2021-06-08T07:46:00Z,598.040000
2021-06-08T07:48:00Z,598.050000
2021-06-08T07:49:00Z,598.030000
2021-06-08T07:51:00Z,598.030000
2021-06-08T07:52:00Z,598.160000
2021-06-08T07:53:00Z,598.030000
2021-06-08T07:55:00Z,598.170000
2021-06-08T07:56:00Z,598.170000
2021-06-08T07:57:00Z,598.000000
2021-06-08T07:58:00Z,598.250000
2021-06-08T07:59:00Z,598.790000
2021-06-08T08:00:00Z,598.870000
2021-06-08T08:01:00Z,599.190000
2021-06-08T08:02:00Z,601.500000
2021-06-08T08:03:00Z,601.420000
2021-06-08T08:04:00Z,600.570000
2021-06-08T08:05:00Z,600.550000
2021-06-08T08:06:00Z,599.600000
2021-06-08T08:07:00Z,598.800000
2021-06-08T08:08:00Z,599.270000
2021-06-08T08:09:00Z,599.700000
2021-06-08T08:10:00Z,599.670000
2021-06-08T08:11:00Z,599.400000
2021-06-08T08:14:00Z,599.150000
2021-06-08T08:15:00Z,598.650000
2021-06-08T08:16:00Z,599.500000
2021-06-08T08:17:00Z,600.040000
2021-06-08T08:18:00Z,600.750000
2021-06-08T08:19:00Z,600.720000
2021-06-08T08:20:00Z,600.530000
2021-06-08T08:21:00Z,600.590000
2021-06-08T08:22:00Z,600.540000
2021-06-08T08:23:00Z,600.680000
2021-06-08T08:24:00Z,599.890000
2021-06-08T08:25:00Z,600.680000
2021-06-08T08:26:00Z,601.700000
2021-06-08T08:27:00Z,602.290000
2021-06-08T08:28:00Z,602.600000
2021-06-08T08:29:00Z,602.600000
2021-06-08T08:30:00Z,602.160000
2021-06-08T08:31:00Z,601.640000
2021-06-08T08:32:00Z,602.000000
2021-06-08T08:33:00Z,602.260000
2021-06-08T08:34:00Z,602.360000
2021-06-08T08:35:00Z,602.480000
2021-06-08T08:36:00Z,602.390000
2021-06-08T08:37:00Z,602.390000
2021-06-08T08:38:00Z,603.300000
2021-06-08T08:39:00Z,602.570000
2021-06-08T08:40:00Z,603.000000
2021-06-08T08:41:00Z,603.020000
2021-06-08T08:42:00Z,603.200000
2021-06-08T08:43:00Z,603.200000
2021-06-08T08:44:00Z,604.000000
2021-06-08T08:45:00Z,608.370000
2021-06-08T08:46:00Z,611.000000
2021-06-08T08:47:00Z,614.900000
2021-06-08T08:48:00Z,613.000000
2021-06-08T08:49:00Z,612.290000
2021-06-08T08:50:00Z,611.880000
2021-06-08T08:51:00Z,613.240000
2021-06-08T08:52:00Z,611.630000
2021-06-08T08:53:00Z,611.530000
2021-06-08T08:54:00Z,610.540000
2021-06-08T08:55:00Z,611.140000
2021-06-08T08:56:00Z,611.640000
2021-06-08T08:57:00Z,613.500000
2021-06-08T08:58:00Z,613.560000
2021-06-08T08:59:00Z,614.970000
2021-06-08T09:00:00Z,615.250000
2021-06-08T09:01:00Z,615.960000
2021-06-08T09:02:00Z,617.000000
2021-06-08T09:03:00Z,617.950000
2021-06-08T09:04:00Z,618.500000
2021-06-08T09:05:00Z,620.000000
2021-06-08T09:06:00Z,620.430000
2021-06-08T09:07:00Z,618.200000
2021-06-08T09:08:00Z,617.690000
2021-06-08T09:09:00Z,617.000000
2021-06-08T09:10:00Z,617.370000
2021-06-08T09:11:00Z,616.000000
2021-06-08T09:12:00Z,616.700000
2021-06-08T09:13:00Z,616.170000
2021-06-08T09:14:00Z,616.330000
2021-06-08T09:15:00Z,616.370000
2021-06-08T09:16:00Z,617.330000
2021-06-08T09:17:00Z,617.300000
2021-06-08T09:18:00Z,617.510000
2021-06-08T09:19:00Z,617.820000
2021-06-08T09:20:00Z,617.980000
2021-06-08T09:21:00Z,619.400000
2021-06-08T09:22:00Z,619.990000
2021-06-08T09:23:00Z,620.010000
2021-06-08T09:24:00Z,620.000000
2021-06-08T09:25:00Z,621.000000
2021-06-08T09:26:00Z,622.800000
2021-06-08T09:27:00Z,623.880000
2021-06-08T09:28:00Z,623.600000
2021-06-08T09:29:00Z,623.680000
2021-06-08T09:30:00Z,624.700000
2021-06-08T09:31:00Z,624.000000
2021-06-08T09:32:00Z,623.640000
2021-06-08T09:33:00Z,624.690000
2021-06-08T09:34:00Z,623.900000
2021-06-08T09:35:00Z,624.000000
2021-06-08T09:36:00Z,624.300000
2021-06-08T09:37:00Z,624.190000
2021-06-08T09:38:00Z,622.670000
2021-06-08T09:39:00Z,622.100000
2021-06-08T09:40:00Z,622.010000
2021-06-08T09:41:00Z,621.870000
2021-06-08T09:42:00Z,622.750000
2021-06-08T09:43:00Z,623.650000
2021-06-08T09:44:00Z,623.420000
2021-06-08T09:45:00Z,623.400000
2021-06-08T09:46:00Z,623.510000
2021-06-08T09:47:00Z,623.740000
2021-06-08T09:48:00Z,623.350000
2021-06-08T09:49:00Z,623.120000
2021-06-08T09:50:00Z,624.500000
2021-06-08T09:51:00Z,623.530000
2021-06-08T09:52:00Z,623.500000
2021-06-08T09:53:00Z,622.530000
2021-06-08T09:54:00Z,622.650000
2021-06-08T09:55:00Z,622.860000
2021-06-08T09:56:00Z,622.750000
2021-06-08T09:57:00Z,622.500000
2021-06-08T09:58:00Z,622.900000
2021-06-08T09:59:00Z,622.700000
2021-06-08T10:00:00Z,622.210000
2021-06-08T10:01:00Z,622.500000
2021-06-08T10:02:00Z,622.400000
2021-06-08T10:03:00Z,620.390000
2021-06-08T10:04:00Z,620.330000
2021-06-08T10:05:00Z,621.000000
2021-06-08T10:06:00Z,621.270000
2021-06-08T10:07:00Z,620.400000
2021-06-08T10:08:00Z,620.760000
2021-06-08T10:09:00Z,620.600000
2021-06-08T10:10:00Z,620.610000
2021-06-08T10:11:00Z,619.900000
2021-06-08T10:12:00Z,620.000000
2021-06-08T10:13:00Z,619.980000
2021-06-08T10:14:00Z,619.900000
2021-06-08T10:15:00Z,618.590000
2021-06-08T10:16:00Z,619.010000
2021-06-08T10:17:00Z,619.500000
2021-06-08T10:18:00Z,619.260000
2021-06-08T10:19:00Z,619.610000
2021-06-08T10:20:00Z,619.550000
2021-06-08T10:21:00Z,622.460000
2021-06-08T10:22:00Z,621.550000
2021-06-08T10:23:00Z,622.400000
2021-06-08T10:24:00Z,622.860000
2021-06-08T10:25:00Z,622.500000
2021-06-08T10:26:00Z,622.650000
2021-06-08T10:27:00Z,621.400000
2021-06-08T10:28:00Z,621.000000
2021-06-08T10:29:00Z,621.150000
2021-06-08T10:30:00Z,620.610000
2021-06-08T10:31:00Z,620.500000
2021-06-08T10:32:00Z,620.490000
2021-06-08T10:33:00Z,620.490000
2021-06-08T10:34:00Z,620.640000
2021-06-08T10:35:00Z,621.960000
2021-06-08T10:36:00Z,620.440000
2021-06-08T10:37:00Z,620.910000
2021-06-08T10:38:00Z,620.170000
2021-06-08T10:39:00Z,620.620000
2021-06-08T10:40:00Z,620.900000
2021-06-08T10:41:00Z,620.460000
2021-06-08T10:42:00Z,620.200000
2021-06-08T10:43:00Z,620.290000
2021-06-08T10:44:00Z,620.530000
2021-06-08T10:45:00Z,620.490000
2021-06-08T10:46:00Z,620.470000
2021-06-08T10:47:00Z,620.470000
2021-06-08T10:48:00Z,620.400000
2021-06-08T10:49:00Z,620.320000
2021-06-08T10:50:00Z,620.050000
2021-06-08T10:51:00Z,620.140000
2021-06-08T10:52:00Z,620.000000
2021-06-08T10:53:00Z,619.670000
2021-06-08T10:54:00Z,619.640000
2021-06-08T10:55:00Z,619.590000
2021-06-08T10:56:00Z,619.590000
2021-06-08T10:57:00Z,619.590000
2021-06-08T10:58:00Z,619.700000
2021-06-08T10:59:00Z,620.250000
2021-06-08T11:00:00Z,619.740000
2021-06-08T11:01:00Z,619.110000
2021-06-08T11:02:00Z,619.170000
2021-06-08T11:03:00Z,620.480000
2021-06-08T11:04:00Z,620.490000
2021-06-08T11:05:00Z,621.500000
2021-06-08T11:06:00Z,622.000000
2021-06-08T11:07:00Z,622.430000
2021-06-08T11:08:00Z,622.920000
2021-06-08T11:09:00Z,622.320000
2021-06-08T11:10:00Z,622.000000
2021-06-08T11:11:00Z,622.860000
2021-06-08T11:12:00Z,623.300000
2021-06-08T11:13:00Z,622.740000
2021-06-08T11:14:00Z,623.450000
2021-06-08T11:15:00Z,624.000000
2021-06-08T11:16:00Z,623.700000
2021-06-08T11:17:00Z,623.030000
2021-06-08T11:18:00Z,623.080000
2021-06-08T11:19:00Z,623.300000
2021-06-08T11:20:00Z,622.470000
2021-06-08T11:21:00Z,622.870000
2021-06-08T11:22:00Z,622.330000
2021-06-08T11:23:00Z,622.890000
2021-06-08T11:24:00Z,621.980000
2021-06-08T11:25:00Z,621.700000
2021-06-08T11:26:00Z,622.170000
2021-06-08T11:27:00Z,621.430000
2021-06-08T11:28:00Z,621.380000
2021-06-08T11:29:00Z,621.600000
2021-06-08T11:30:00Z,621.620000
2021-06-08T11:31:00Z,621.750000
2021-06-08T11:32:00Z,621.970000
2021-06-08T11:33:00Z,622.480000
2021-06-08T11:34:00Z,622.520000
2021-06-08T11:35:00Z,623.000000
2021-06-08T11:36:00Z,623.520000
2021-06-08T11:37:00Z,623.670000
2021-06-08T11:38:00Z,624.030000
2021-06-08T11:39:00Z,624.190000
2021-06-08T11:40:00Z,624.440000
2021-06-08T11:41:00Z,624.930000
2021-06-08T11:42:00Z,624.520000
2021-06-08T11:43:00Z,624.520000
2021-06-08T11:44:00Z,624.700000
2021-06-08T11:45:00Z,624.800000
2021-06-08T11:46:00Z,624.700000
2021-06-08T11:47:00Z,624.820000
2021-06-08T11:48:00Z,624.470000
2021-06-08T11:49:00Z,624.310000
2021-06-08T11:50:00Z,623.320000
2021-06-08T11:51:00Z,623.790000
2021-06-08T11:52:00Z,623.010000
2021-06-08T11:53:00Z,623.380000
2021-06-08T11:54:00Z,623.550000
2021-06-08T11:55:00Z,623.940000
2021-06-08T11:56:00Z,623.630000
2021-06-08T11:57:00Z,623.680000
2021-06-08T11:58:00Z,623.010000
2021-06-08T11:59:00Z,623.050000
2021-06-08T12:00:00Z,623.060000
2021-06-08T12:01:00Z,622.590000
2021-06-08T12:02:00Z,622.510000
2021-06-08T12:03:00Z,622.350000
2021-06-08T12:04:00Z,622.130000
2021-06-08T12:05:00Z,622.690000
2021-06-08T12:06:00Z,622.780000
2021-06-08T12:07:00Z,622.620000
2021-06-08T12:08:00Z,622.800000
2021-06-08T12:09:00Z,622.800000
2021-06-08T12:10:00Z,622.990000
2021-06-08T12:11:00Z,622.900000
2021-06-08T12:12:00Z,622.920000
2021-06-08T12:13:00Z,622.900000
2021-06-08T12:14:00Z,622.990000
2021-06-08T12:15:00Z,622.920000
2021-06-08T12:16:00Z,622.920000
2021-06-08T12:17:00Z,622.660000
2021-06-08T12:18:00Z,622.770000
2021-06-08T12:19:00Z,622.990000
2021-06-08T12:20:00Z,623.000000
2021-06-08T12:21:00Z,622.860000
2021-06-08T12:22:00Z,622.700000
2021-06-08T12:23:00Z,622.790000
2021-06-08T12:24:00Z,622.760000
2021-06-08T12:25:00Z,622.770000
2021-06-08T12:26:00Z,622.730000
2021-06-08T12:27:00Z,622.710000
2021-06-08T12:28:00Z,622.710000
2021-06-08T12:29:00Z,622.700000
2021-06-08T12:30:00Z,622.800000
2021-06-08T12:31:00Z,622.750000
2021-06-08T12:32:00Z,622.700000
2021-06-08T12:33:00Z,623.430000
2021-06-08T12:34:00Z,623.500000
2021-06-08T12:35:00Z,623.490000
2021-06-08T12:36:00Z,623.650000
2021-06-08T12:37:00Z,623.500000
2021-06-08T12:38:00Z,624.330000
2021-06-08T12:39:00Z,625.000000
2021-06-08T12:40:00Z,625.160000
2021-06-08T12:41:00Z,625.010000
2021-06-08T12:42:00Z,626.020000
2021-06-08T12:43:00Z,626.710000
2021-06-08T12:44:00Z,625.860000
2021-06-08T12:45:00Z,625.510000
2021-06-08T12:46:00Z,625.110000
2021-06-08T12:47:00Z,625.200000
2021-06-08T12:48:00Z,625.000000
2021-06-08T12:49:00Z,624.780000
2021-06-08T12:50:00Z,624.630000
2021-06-08T12:51:00Z,625.260000
2021-06-08T12:52:00Z,625.140000
2021-06-08T12:53:00Z,625.120000
2021-06-08T12:54:00Z,624.360000
2021-06-08T12:55:00Z,624.390000
2021-06-08T12:56:00Z,624.310000
2021-06-08T12:57:00Z,624.590000
2021-06-08T12:58:00Z,624.150000
2021-06-08T12:59:00Z,624.120000
2021-06-08T13:00:00Z,624.110000
2021-06-08T13:01:00Z,623.320000
2021-06-08T13:02:00Z,623.500000
2021-06-08T13:03:00Z,623.160000
2021-06-08T13:04:00Z,623.230000
2021-06-08T13:05:00Z,623.800000
2021-06-08T13:06:00Z,623.350000
2021-06-08T13:07:00Z,623.200000
2021-06-08T13:08:00Z,623.310000
2021-06-08T13:09:00Z,623.020000
2021-06-08T13:10:00Z,622.700000
2021-06-08T13:11:00Z,623.000000
2021-06-08T13:12:00Z,623.340000
2021-06-08T13:13:00Z,623.270000
2021-06-08T13:14:00Z,622.970000
2021-06-08T13:15:00Z,622.900000
2021-06-08T13:16:00Z,623.220000
2021-06-08T13:17:00Z,623.500000
2021-06-08T13:18:00Z,623.390000
2021-06-08T13:19:00Z,623.310000
2021-06-08T13:20:00Z,623.340000
2021-06-08T13:21:00Z,623.120000
2021-06-08T13:22:00Z,623.000000
2021-06-08T13:23:00Z,622.920000
2021-06-08T13:24:00Z,623.200000
2021-06-08T13:25:00Z,621.310000
2021-06-08T13:26:00Z,622.600000
2021-06-08T13:27:00Z,622.610000
2021-06-08T13:28:00Z,622.630000
2021-06-08T13:29:00Z,622.980000
2021-06-08T13:30:00Z,622.290000
2021-06-08T13:31:00Z,620.300000
2021-06-08T13:32:00Z,619.560000
2021-06-08T13:33:00Z,619.290000
2021-06-08T13:34:00Z,617.550000
2021-06-08T13:35:00Z,615.580000
2021-06-08T13:36:00Z,616.130000
2021-06-08T13:37:00Z,615.710000
2021-06-08T13:38:00Z,615.270000
2021-06-08T13:39:00Z,616.610000
2021-06-08T13:40:00Z,617.330000
2021-06-08T13:41:00Z,616.740000
2021-06-08T13:42:00Z,617.870000
2021-06-08T13:43:00Z,618.750000
2021-06-08T13:44:00Z,618.880000
2021-06-08T13:45:00Z,617.900000
2021-06-08T13:46:00Z,617.680000
2021-06-08T13:47:00Z,615.300000
2021-06-08T13:48:00Z,615.180000
2021-06-08T13:49:00Z,616.520000
2021-06-08T13:50:00Z,616.160000
2021-06-08T13:51:00Z,614.750000
2021-06-08T13:52:00Z,612.680000
2021-06-08T13:53:00Z,613.140000
2021-06-08T13:54:00Z,613.670000
2021-06-08T13:55:00Z,614.190000
2021-06-08T13:56:00Z,614.230000
2021-06-08T13:57:00Z,614.340000
2021-06-08T13:58:00Z,614.210000
2021-06-08T13:59:00Z,614.680000
2021-06-08T14:00:00Z,614.860000
2021-06-08T14:01:00Z,614.320000
2021-06-08T14:02:00Z,612.430000
2021-06-08T14:03:00Z,613.820000
2021-06-08T14:04:00Z,613.250000
2021-06-08T14:05:00Z,611.690000
2021-06-08T14:06:00Z,612.160000
2021-06-08T14:07:00Z,611.750000
2021-06-08T14:08:00Z,613.160000
2021-06-08T14:09:00Z,612.060000
2021-06-08T14:10:00Z,613.050000
2021-06-08T14:11:00Z,613.530000
2021-06-08T14:12:00Z,612.230000
2021-06-08T14:13:00Z,611.720000
2021-06-08T14:14:00Z,613.300000
2021-06-08T14:15:00Z,612.830000
2021-06-08T14:16:00Z,612.880000
2021-06-08T14:17:00Z,613.080000
2021-06-08T14:18:00Z,613.160000
2021-06-08T14:19:00Z,612.990000
2021-06-08T14:20:00Z,613.650000
2021-06-08T14:21:00Z,612.990000
2021-06-08T14:22:00Z,612.670000
2021-06-08T14:23:00Z,611.550000
2021-06-08T14:24:00Z,610.770000
2021-06-08T14:25:00Z,610.530000
2021-06-08T14:26:00Z,610.720000
2021-06-08T14:27:00Z,609.870000
2021-06-08T14:28:00Z,608.910000
2021-06-08T14:29:00Z,608.810000
2021-06-08T14:30:00Z,608.520000
2021-06-08T14:31:00Z,607.660000
2021-06-08T14:32:00Z,606.490000
2021-06-08T14:33:00Z,607.340000
2021-06-08T14:34:00Z,607.620000
2021-06-08T14:35:00Z,606.260000
2021-06-08T14:36:00Z,606.750000
2021-06-08T14:37:00Z,606.550000
2021-06-08T14:38:00Z,606.710000
2021-06-08T14:39:00Z,606.470000
2021-06-08T14:40:00Z,606.710000
2021-06-08T14:41:00Z,606.210000
2021-06-08T14:42:00Z,606.620000
2021-06-08T14:43:00Z,607.540000
2021-06-08T14:44:00Z,606.420000
2021-06-08T14:45:00Z,606.860000
2021-06-08T14:46:00Z,606.920000
2021-06-08T14:47:00Z,607.670000
2021-06-08T14:48:00Z,606.990000
2021-06-08T14:49:00Z,606.040000
2021-06-08T14:50:00Z,606.750000
2021-06-08T14:51:00Z,606.760000
2021-06-08T14:52:00Z,605.170000
2021-06-08T14:53:00Z,603.780000
2021-06-08T14:54:00Z,603.430000
2021-06-08T14:55:00Z,603.130000
2021-06-08T14:56:00Z,602.810000
2021-06-08T14:57:00Z,602.130000
2021-06-08T14:58:00Z,602.470000
2021-06-08T14:59:00Z,603.240000
2021-06-08T15:00:00Z,603.460000
2021-06-08T15:01:00Z,604.120000
2021-06-08T15:02:00Z,603.310000
2021-06-08T15:03:00Z,602.860000
2021-06-08T15:04:00Z,601.680000
2021-06-08T15:05:00Z,602.330000
2021-06-08T15:06:00Z,602.300000
2021-06-08T15:07:00Z,603.210000
2021-06-08T15:08:00Z,603.440000
2021-06-08T15:09:00Z,604.410000
2021-06-08T15:10:00Z,604.370000
2021-06-08T15:11:00Z,603.830000
2021-06-08T15:12:00Z,604.110000
2021-06-08T15:13:00Z,603.240000
2021-06-08T15:14:00Z,602.000000
2021-06-08T15:15:00Z,602.210000
2021-06-08T15:16:00Z,601.650000
2021-06-08T15:17:00Z,600.810000
2021-06-08T15:18:00Z,601.010000
2021-06-08T15:19:00Z,599.140000
2021-06-08T15:20:00Z,598.200000
2021-06-08T15:21:00Z,596.990000
2021-06-08T15:22:00Z,597.660000
2021-06-08T15:23:00Z,598.280000
2021-06-08T15:24:00Z,597.730000
2021-06-08T15:25:00Z,598.450000
2021-06-08T15:26:00Z,597.960000
2021-06-08T15:27:00Z,597.680000
2021-06-08T15:28:00Z,599.180000
2021-06-08T15:29:00Z,598.510000
2021-06-08T15:30:00Z,599.240000
2021-06-08T15:31:00Z,599.160000
2021-06-08T15:32:00Z,599.000000
2021-06-08T15:33:00Z,598.790000
2021-06-08T15:34:00Z,599.480000
2021-06-08T15:35:00Z,598.980000
2021-06-08T15:36:00Z,597.690000
2021-06-08T15:37:00Z,597.070000
2021-06-08T15:38:00Z,597.810000
2021-06-08T15:39:00Z,597.200000
2021-06-08T15:40:00Z,596.110000
2021-06-08T15:41:00Z,597.400000
2021-06-08T15:42:00Z,597.730000
2021-06-08T15:43:00Z,597.940000
2021-06-08T15:44:00Z,598.870000
2021-06-08T15:45:00Z,598.840000
2021-06-08T15:46:00Z,598.920000
2021-06-08T15:47:00Z,599.290000
2021-06-08T15:48:00Z,598.500000
2021-06-08T15:49:00Z,598.630000
2021-06-08T15:50:00Z,597.670000
2021-06-08T15:51:00Z,598.160000
2021-06-08T15:52:00Z,598.930000
2021-06-08T15:53:00Z,598.550000
2021-06-08T15:54:00Z,600.220000
2021-06-08T15:55:00Z,601.270000
2021-06-08T15:56:00Z,601.300000
2021-06-08T15:57:00Z,601.780000
2021-06-08T15:58:00Z,601.300000
2021-06-08T15:59:00Z,601.050000
2021-06-08T16:00:00Z,601.680000
2021-06-08T16:01:00Z,602.490000
2021-06-08T16:02:00Z,603.140000
2021-06-08T16:03:00Z,603.260000
2021-06-08T16:04:00Z,604.060000
2021-06-08T16:05:00Z,603.300000
2021-06-08T16:06:00Z,602.840000
2021-06-08T16:07:00Z,603.480000
2021-06-08T16:08:00Z,603.740000
2021-06-08T16:09:00Z,602.980000
2021-06-08T16:10:00Z,602.700000
2021-06-08T16:11:00Z,601.910000
2021-06-08T16:12:00Z,602.620000
2021-06-08T16:13:00Z,603.010000
2021-06-08T16:14:00Z,602.960000
2021-06-08T16:15:00Z,602.520000
2021-06-08T16:16:00Z,602.570000
2021-06-08T16:17:00Z,602.120000
2021-06-08T16:18:00Z,602.300000
2021-06-08T16:19:00Z,603.260000
2021-06-08T16:20:00Z,602.680000
2021-06-08T16:21:00Z,600.980000
2021-06-08T16:22:00Z,600.800000
2021-06-08T16:23:00Z,598.840000
2021-06-08T16:24:00Z,600.100000
2021-06-08T16:25:00Z,599.470000
2021-06-08T16:26:00Z,599.600000
2021-06-08T16:27:00Z,599.070000
2021-06-08T16:28:00Z,599.640000
2021-06-08T16:29:00Z,600.140000
2021-06-08T16:30:00Z,599.790000
2021-06-08T16:31:00Z,600.140000
2021-06-08T16:32:00Z,600.120000
2021-06-08T16:33:00Z,600.270000
2021-06-08T16:34:00Z,600.570000
2021-06-08T16:35:00Z,600.350000
2021-06-08T16:36:00Z,600.390000
2021-06-08T16:37:00Z,600.920000
2021-06-08T16:38:00Z,600.780000
2021-06-08T16:39:00Z,601.390000
2021-06-08T16:40:00Z,601.200000
2021-06-08T16:41:00Z,601.180000
2021-06-08T16:42:00Z,601.420000
2021-06-08T16:43:00Z,600.640000
2021-06-08T16:44:00Z,600.200000
2021-06-08T16:45:00Z,600.260000
2021-06-08T16:46:00Z,600.110000
2021-06-08T16:47:00Z,600.090000
2021-06-08T16:48:00Z,600.070000
